<?xml version="1.0" encoding="UTF-8"?>
<con:soapui-project id="10177d61-7dbe-41e2-9e56-62704198b947" activeEnvironment="Default" name="ClickUp Tag" resourceRoot="${projectDir}" soapui-version="5.7.2" abortOnError="false" runType="SEQUENTIAL" xmlns:con="http://eviware.com/soapui/config"><con:settings/><con:interface xsi:type="con:RestService" id="0e27e348-dc6f-4a8e-a8a5-a339a004c337" wadlVersion="http://wadl.dev.java.net/2009/02" name="https://api.clickup.com" type="rest" xmlns:xsi="http://www.w3.org/2001/XMLSchema-instance"><con:settings/><con:definitionCache type="TEXT" rootPart=""/><con:endpoints><con:endpoint>https://api.clickup.com</con:endpoint></con:endpoints><con:resource name="" path="/api/v2/space/${#Project#space_id}/tag" id="b63d9519-ccc2-45ec-b10c-fa702474fdaf"><con:settings/><con:parameters/><con:method name="Create tag" id="c99a50e8-15ab-4711-a273-b92dfa8d1e37" method="POST"><con:settings/><con:parameters/><con:representation type="FAULT"><con:mediaType>text/html; charset=utf-8</con:mediaType><con:status>403</con:status><con:params/><con:element>html</con:element></con:representation><con:representation type="RESPONSE"><con:mediaType>application/json; charset=utf-8</con:mediaType><con:status>200</con:status><con:params/><con:element xmlns:tag="https://api.clickup.com/api/v2/space/1/tag">tag:Response</con:element></con:representation><con:representation type="REQUEST"><con:mediaType>application/json</con:mediaType><con:params/></con:representation><con:representation type="FAULT"><con:mediaType>application/json; charset=utf-8</con:mediaType><con:status>400</con:status><con:params/><con:element xmlns:tag="https://api.clickup.com/api/v2/space/1/tag">tag:Fault</con:element></con:representation><con:request name="POST tag" id="36a76d38-4f2f-4fe7-aa0f-6243a10de312" mediaType="application/json" postQueryString="false"><con:settings><con:setting id="com.eviware.soapui.impl.wsdl.WsdlRequest@request-headers">&lt;entry key="Authorization" value="pk_2144427794_Q5FRM2SEKK7E6AJGM7KXCQWXZVTZQLQ1" xmlns="http://eviware.com/soapui/config"/></con:setting></con:settings><con:endpoint>https://api.clickup.com</con:endpoint><con:request>{
  "tag": {
    "name": "{{$random_tag_name}}",
    "tag_fg": "#000000",
    "tag_bg": "#000000"
  }
}</con:request><con:originalUri>https://api.clickup.com/api/v2/space/1/tag</con:originalUri><con:credentials><con:authType>No Authorization</con:authType></con:credentials><con:jmsConfig JMSDeliveryMode="PERSISTENT"/><con:jmsPropertyConfig/><con:parameters/></con:request></con:method><con:method name="Get tag" id="a1c41e52-7f5c-4e6a-ab98-3a5c72527f94" method="GET"><con:settings/><con:parameters/><con:representation type="FAULT"><con:mediaType>application/json; charset=utf-8</con:mediaType><con:status>400</con:status><con:params/><con:element xmlns:tag="https://api.clickup.com/api/v2/space/1/tag">tag:Fault</con:element></con:representation><con:representation type="RESPONSE"><con:mediaType>application/json; charset=utf-8</con:mediaType><con:status>200</con:status><con:params/><con:element xmlns:tag="https://api.clickup.com/api/v2/space/1/tag">tag:Response</con:element></con:representation><con:request name="GET tag" id="06c7b6fb-6946-4211-98ed-797f61af7f9a" mediaType="application/json"><con:settings><con:setting id="com.eviware.soapui.impl.wsdl.WsdlRequest@request-headers">&lt;entry key="Authorization" value="pk_2144427794_Q5FRM2SEKK7E6AJGM7KXCQWXZVTZQLQ1" xmlns="http://eviware.com/soapui/config"/></con:setting></con:settings><con:endpoint>https://api.clickup.com</con:endpoint><con:request/><con:originalUri>https://api.clickup.com/api/v2/space/1/tag</con:originalUri><con:credentials><con:authType>No Authorization</con:authType></con:credentials><con:jmsConfig JMSDeliveryMode="PERSISTENT"/><con:jmsPropertyConfig/><con:parameters/></con:request></con:method></con:resource><con:resource name="{tag_name}" path="/api/v2/space/${#Project#space_id}/tag/${#Project#random_tag_name}" id="421ad72b-9f83-4751-9528-cea7c2bc0d2e"><con:settings/><con:parameters/><con:method name="Upd tag" id="7958b92d-dafe-4b3b-85af-70ee53a1febc" method="PUT"><con:settings/><con:parameters/><con:representation type="REQUEST"><con:mediaType>application/json</con:mediaType><con:params/></con:representation><con:representation type="FAULT"><con:mediaType>text/html; charset=utf-8</con:mediaType><con:status>404</con:status><con:params/><con:element>html</con:element></con:representation><con:representation type="FAULT"><con:mediaType>application/json; charset=utf-8</con:mediaType><con:status>400</con:status><con:params/><con:element xmlns:api="https://api.clickup.com/">api:Fault</con:element></con:representation><con:representation type="RESPONSE"><con:mediaType>application/json; charset=utf-8</con:mediaType><con:status>200</con:status><con:params/><con:element>Response</con:element></con:representation><con:request name="PUT tag" id="d98dc392-c17c-4d48-8f5e-a060e5c40278" mediaType="application/json" postQueryString="false"><con:settings><con:setting id="com.eviware.soapui.impl.wsdl.WsdlRequest@request-headers">&lt;entry key="Authorization" value="pk_2144427794_Q5FRM2SEKK7E6AJGM7KXCQWXZVTZQLQ1" xmlns="http://eviware.com/soapui/config"/></con:setting></con:settings><con:endpoint>https://api.clickup.com</con:endpoint><con:request>{
  "tag": {
    "name": "UPD",
    "tag_fg": "#DDDDDD",
    "tag_bg": "#FFFFFF"
  }
}</con:request><con:originalUri>https://api.clickup.com/</con:originalUri><con:credentials><con:authType>No Authorization</con:authType></con:credentials><con:jmsConfig JMSDeliveryMode="PERSISTENT"/><con:jmsPropertyConfig/><con:parameters/><con:parameterOrder/></con:request></con:method><con:method name="Delete tag" id="f394cb60-e82f-4fc0-9e76-88b5d4aff8a7" method="DELETE"><con:settings/><con:parameters/><con:representation type="REQUEST"><con:mediaType>application/json</con:mediaType><con:params/></con:representation><con:representation type="FAULT"><con:mediaType>application/json; charset=utf-8</con:mediaType><con:status>400</con:status><con:params/><con:element xmlns:tag="https://api.clickup.com/api/v2/space/90121499923/tag/TagSbVAd">tag:Fault</con:element></con:representation><con:representation type="RESPONSE"><con:mediaType>application/json; charset=utf-8</con:mediaType><con:status>200</con:status><con:params/><con:element>Response</con:element></con:representation><con:request name="DELETE tag" id="70082499-295e-41b6-82f8-6973cfcb8539" mediaType="application/json" postQueryString="false"><con:settings><con:setting id="com.eviware.soapui.impl.wsdl.WsdlRequest@request-headers">&lt;entry key="Authorization" value="pk_2144427794_Q5FRM2SEKK7E6AJGM7KXCQWXZVTZQLQ1" xmlns="http://eviware.com/soapui/config"/></con:setting></con:settings><con:endpoint>https://api.clickup.com</con:endpoint><con:request/><con:originalUri>https://api.clickup.com/api/v2/space/90121499923/tag/TagSbVAd</con:originalUri><con:credentials><con:authType>No Authorization</con:authType></con:credentials><con:jmsConfig JMSDeliveryMode="PERSISTENT"/><con:jmsPropertyConfig/><con:parameters/><con:parameterOrder/></con:request></con:method></con:resource><con:resource name="${task" path="/api/v2/task/${#Project#task_id}/tag/${#Project#random_tag_name}" id="0048b08b-77eb-4ae8-8d08-41a8d4653bdb"><con:settings/><con:parameters><con:parameter><con:name>random_tag_name</con:name><con:style>TEMPLATE</con:style></con:parameter></con:parameters><con:method name="Add tag to a task" id="5ab97c50-b988-4e98-b4c5-d8e159faa0e4" method="POST"><con:settings/><con:parameters/><con:representation type="REQUEST"><con:mediaType>application/json</con:mediaType><con:params/></con:representation><con:representation type="FAULT"><con:mediaType>application/json; charset=utf-8</con:mediaType><con:status>400</con:status><con:params/><con:element xmlns:tag="https://api.clickup.com/api/v2/task/86962xax9/tag/TagSbVAd">tag:Fault</con:element></con:representation><con:representation type="RESPONSE"><con:mediaType>application/json; charset=utf-8</con:mediaType><con:status>200</con:status><con:params/><con:element>Response</con:element></con:representation><con:request name="POST tag to task" id="714855d3-3279-4490-b718-767e1986fed5" mediaType="application/json" postQueryString="false"><con:settings><con:setting id="com.eviware.soapui.impl.wsdl.WsdlRequest@request-headers">&lt;entry key="Authorization" value="pk_2144427794_Q5FRM2SEKK7E6AJGM7KXCQWXZVTZQLQ1" xmlns="http://eviware.com/soapui/config"/></con:setting></con:settings><con:endpoint>https://api.clickup.com</con:endpoint><con:request/><con:originalUri>https://api.clickup.com/api/v2/task/86962xax9/tag/TagSbVAd</con:originalUri><con:credentials><con:authType>No Authorization</con:authType></con:credentials><con:jmsConfig JMSDeliveryMode="PERSISTENT"/><con:jmsPropertyConfig/><con:parameters/><con:parameterOrder><con:entry>random_tag_name</con:entry></con:parameterOrder></con:request></con:method><con:method name="Delete tag from task" id="88199c2a-cbb9-406f-aa80-d6431416f838" method="DELETE"><con:settings/><con:parameters/><con:representation type="REQUEST"><con:mediaType>application/json</con:mediaType><con:params/></con:representation><con:representation type="FAULT"><con:mediaType>application/json; charset=utf-8</con:mediaType><con:status>400</con:status><con:params/><con:element xmlns:tag="https://api.clickup.com/api/v2/task/86962xax9/tag/TagSbVAd">tag:Fault</con:element></con:representation><con:representation type="RESPONSE"><con:mediaType>application/json; charset=utf-8</con:mediaType><con:status>200</con:status><con:params/><con:element>Response</con:element></con:representation><con:request name="DELETE tag for task" id="8325d98e-9e01-47e4-b070-ceed8bf88381" mediaType="application/json" postQueryString="false"><con:settings><con:setting id="com.eviware.soapui.impl.wsdl.WsdlRequest@request-headers">&lt;entry key="Authorization" value="pk_2144427794_Q5FRM2SEKK7E6AJGM7KXCQWXZVTZQLQ1" xmlns="http://eviware.com/soapui/config"/></con:setting></con:settings><con:endpoint>https://api.clickup.com</con:endpoint><con:request/><con:originalUri>https://api.clickup.com/api/v2/task/86962xax9/tag/TagSbVAd</con:originalUri><con:credentials><con:authType>No Authorization</con:authType></con:credentials><con:jmsConfig JMSDeliveryMode="PERSISTENT"/><con:jmsPropertyConfig/><con:parameters/></con:request></con:method></con:resource></con:interface><con:testSuite id="90f72407-b1d4-4496-a866-9721083b79d9" name="СRUD tags"><con:description>TestSuite generated for REST Service [https://api.clickup.com]</con:description><con:settings/><con:runType>SEQUENTIAL</con:runType><con:testCase id="ad39fc6f-83b8-4ead-9ad6-8eb24d8f5fb6" failOnError="true" failTestCaseOnErrors="true" keepSession="false" maxResults="0" name="TestCase" searchProperties="true"><con:description>TestCase generated for REST Resource [] located at [/api/v2/space/${#Project#space_id}/tag]</con:description><con:settings/><con:testStep type="groovy" name="Generate tag name" id="cee97e87-b6fd-4cff-9f79-05517a48730e"><con:settings/><con:config><script>def generateRandomName() {
	String characters = "ABCDEFGHIJKLMNOPQRSTUVWXYZabcdefghijklmnopqrstuvwxyz"
    int randomPartLength = 5
    StringBuilder randomName = new StringBuilder("Tag")
    
    for (int i = 0; i &lt; randomPartLength; i++) {
        int randomIndex = (int) (Math.random() * characters.length())
        randomName.append(characters.charAt(randomIndex))
    }
    
    return randomName.toString()
}

def randomName = generateRandomName()

context.testCase.testSuite.project.setPropertyValue("random_tag_name", randomName)

// Log the random name for debugging
log.info("Generated Random Name: " + randomName)
</script></con:config></con:testStep><con:testStep type="groovy" name="Create task_id, folder_id, list_id" id="d92bbd51-7c41-4d40-a391-173ff456f68e"><con:settings/><con:config><script>import groovy.json.JsonOutput
import groovy.json.JsonSlurper
import java.util.UUID

// Declare API URL and authorization token
def clickUpApiBaseUrl = 'https://api.clickup.com/api/v2'
def authorizationToken = 'pk_2144427794_Q5FRM2SEKK7E6AJGM7KXCQWXZVTZQLQ1' // Ensure this is correct

// Helper function to make HTTP POST request
def makePostRequest(String url, String body, String token) {
    def http = new URL(url).openConnection()
    http.setRequestMethod('POST')
    http.setRequestProperty('Authorization', token)
    http.setRequestProperty('Content-Type', 'application/json')
    http.doOutput = true
    http.outputStream.withWriter("UTF-8") { writer ->
        writer.write(body)
    }

    // Capture the response and log it for troubleshooting
    try {
        def responseCode = http.getResponseCode()
        def response = http.getInputStream().getText()
        return [responseCode, response]
    } catch (IOException e) {
        log.error("Request failed with response code: " + http.getResponseCode())
        def errorStream = http.getErrorStream()?.getText() ?: "No error details"
        log.error("Error details: " + errorStream)
        throw e
    }
}

// Generate a random name that starts with "Tag"
def generateRandomName() {
    return "Tag" + UUID.randomUUID().toString().substring(0, 8)
}

// Step 1: Create Folder with Random Name
def spaceId = context.expand('${#Project#space_id}') 
def folderName = generateRandomName()

def folderBody = JsonOutput.toJson([
    "name": folderName
])

def (folderResponseCode, folderResponseBody) = makePostRequest("${clickUpApiBaseUrl}/space/${spaceId}/folder", folderBody, authorizationToken)

if (folderResponseCode == 200) {
    def folderJson = new JsonSlurper().parseText(folderResponseBody)
    def folderId = folderJson.id

    // Save folder_id in project variable
    context.testCase.testSuite.project.setPropertyValue("folder_id", folderId)
    log.info("Folder created with ID: " + folderId + " and name: " + folderName)
} else {
    log.error("Failed to create folder. Response: " + folderResponseBody)
    return
}

// Step 2: Create List with Random Name
def folderId = context.expand('${#Project#folder_id}')
def listName = generateRandomName() 

def listBody = JsonOutput.toJson([
    "name": listName,
    "content": "New List Content",
    "due_date": 1567780450202, 
    "due_date_time": false,
    "priority": 1,
    "status": "red"
])

def (listResponseCode, listResponseBody) = makePostRequest("${clickUpApiBaseUrl}/folder/${folderId}/list", listBody, authorizationToken)

if (listResponseCode == 200) {
    def listJson = new JsonSlurper().parseText(listResponseBody)
    def listId = listJson.id

    // Save list_id in project variable
    context.testCase.testSuite.project.setPropertyValue("list_id", listId)
    log.info("List created with ID: " + listId + " and name: " + listName)
} else {
    log.error("Failed to create list. Response: " + listResponseBody)
    return
}

// Step 3: Create Task with Random Name
def listId = context.expand('${#Project#list_id}')
def taskName = generateRandomName()   
def taskBody = JsonOutput.toJson([
    "name": taskName
])

def (taskResponseCode, taskResponseBody) = makePostRequest("${clickUpApiBaseUrl}/list/${listId}/task", taskBody, authorizationToken)

if (taskResponseCode == 200) {
    def taskJson = new JsonSlurper().parseText(taskResponseBody)
    def taskId = taskJson.id

    // Save task_id in project variable
    context.testCase.testSuite.project.setPropertyValue("task_id", taskId)
    log.info("Task created with ID: " + taskId + " and name: " + taskName)
} else {
    log.error("Failed to create task. Response: " + taskResponseBody)
}
</script></con:config></con:testStep><con:testStep type="restrequest" name="Create valid tag" id="71f9dd96-112a-4efc-ac8a-67368537bd37"><con:settings/><con:config service="https://api.clickup.com" resourcePath="/api/v2/space/${#Project#space_id}/tag" methodName="Create tag" xsi:type="con:RestRequestStep" xmlns:xsi="http://www.w3.org/2001/XMLSchema-instance"><con:restRequest name="Create valid tag" id="36a76d38-4f2f-4fe7-aa0f-6243a10de312" mediaType="application/json" postQueryString="false"><con:settings><con:setting id="com.eviware.soapui.impl.wsdl.WsdlRequest@request-headers">&lt;entry key="Authorization" value="pk_2144427794_Q5FRM2SEKK7E6AJGM7KXCQWXZVTZQLQ1" xmlns="http://eviware.com/soapui/config"/></con:setting></con:settings><con:endpoint>https://api.clickup.com</con:endpoint><con:request>{
  "tag": {
    "name": "${#Project#random_tag_name}",
    "tag_fg": "#000000",
    "tag_bg": "#000000"
  }
}</con:request><con:originalUri>https://api.clickup.com/api/v2/space/1/tag</con:originalUri><con:assertion type="Valid HTTP Status Codes" id="79b5b34a-bae5-4626-b861-e4d2ff82e7f8" name="Valid HTTP Status Codes"><con:configuration><codes>200</codes></con:configuration></con:assertion><con:credentials><con:authType>No Authorization</con:authType></con:credentials><con:jmsConfig JMSDeliveryMode="PERSISTENT"/><con:jmsPropertyConfig/><con:parameters/></con:restRequest></con:config></con:testStep><con:testStep type="restrequest" name="Create empty tag without name" id="fdc54301-083e-4bd6-982e-45f713225ebf"><con:settings/><con:config service="https://api.clickup.com" resourcePath="/api/v2/space/${#Project#space_id}/tag" methodName="Create tag" xsi:type="con:RestRequestStep" xmlns:xsi="http://www.w3.org/2001/XMLSchema-instance"><con:restRequest name="Create empty tag without name" id="36a76d38-4f2f-4fe7-aa0f-6243a10de312" mediaType="application/json" postQueryString="false"><con:settings><con:setting id="com.eviware.soapui.impl.wsdl.WsdlRequest@request-headers">&lt;entry key="Authorization" value="pk_2144427794_Q5FRM2SEKK7E6AJGM7KXCQWXZVTZQLQ1" xmlns="http://eviware.com/soapui/config"/></con:setting></con:settings><con:endpoint>https://api.clickup.com</con:endpoint><con:request>{
  "tag": {
    "name": "",
    "tag_fg": "",
    "tag_bg": ""
  }
}</con:request><con:originalUri>https://api.clickup.com/api/v2/space/1/tag</con:originalUri><con:assertion type="GroovyScriptAssertion" id="92d76280-1d8a-417c-a20d-eceb83142615" name="Validate the error"><con:configuration><scriptText>import groovy.json.JsonSlurper

// Fetch the response from the REST request step (assuming the step name is 'POST Create Tag')
def testStep = context.testCase.testSteps["Create empty tag without name"]
def response = testStep.testRequest.response.responseContent

// Log the response content for debugging purposes
log.info "Response: ${response}"

// Parse the response as JSON
def jsonSlurper = new JsonSlurper()
def jsonResponse = jsonSlurper.parseText(response)

// Define the expected error message and error code
def expectedError = "Tag missing from body"
def expectedErrorCode = "TAGS_020"

// Verify that the response contains the expected error message and error code
assert jsonResponse.err == expectedError : "Expected error message '${expectedError}' but got '${jsonResponse.err}'"
assert jsonResponse.ECODE == expectedErrorCode : "Expected error code '${expectedErrorCode}' but got '${jsonResponse.ECODE}'"

// If all assertions pass, log success
log.info "Error verification passed. Correct error message and code found."
</scriptText></con:configuration></con:assertion><con:assertion type="Invalid HTTP Status Codes" id="27b266f5-fe20-4337-8d46-6b5f51071856" name="Invalid HTTP Status Codes"><con:configuration><codes>200
</codes></con:configuration></con:assertion><con:credentials><con:authType>No Authorization</con:authType></con:credentials><con:jmsConfig JMSDeliveryMode="PERSISTENT"/><con:jmsPropertyConfig/><con:parameters/></con:restRequest></con:config></con:testStep><con:testStep type="restrequest" name="GET tag" id="6bae4efd-a9b0-468c-9ace-9555878d772b"><con:settings/><con:config service="https://api.clickup.com" resourcePath="/api/v2/space/${#Project#space_id}/tag" methodName="Get tag" xsi:type="con:RestRequestStep" xmlns:xsi="http://www.w3.org/2001/XMLSchema-instance"><con:restRequest name="GET tag" id="06c7b6fb-6946-4211-98ed-797f61af7f9a" mediaType="application/json"><con:settings><con:setting id="com.eviware.soapui.impl.wsdl.WsdlRequest@request-headers">&lt;entry key="Authorization" value="pk_2144427794_Q5FRM2SEKK7E6AJGM7KXCQWXZVTZQLQ1" xmlns="http://eviware.com/soapui/config"/></con:setting></con:settings><con:endpoint>https://api.clickup.com</con:endpoint><con:request/><con:originalUri>https://api.clickup.com/api/v2/space/1/tag</con:originalUri><con:assertion type="Valid HTTP Status Codes" id="db05bc7d-52fd-4c01-bd0f-c736faef777c" name="Valid HTTP Status Codes"><con:configuration><codes>200</codes></con:configuration></con:assertion><con:assertion type="GroovyScriptAssertion" id="d8b54479-c78d-4b29-9b59-cf82f0b6d3ea" name="Schema assertion"><con:configuration><scriptText>import groovy.json.JsonSlurper

// Get the response content as JSON
def responseContent = messageExchange.response.responseContent

// Parse the JSON response
def jsonSlurper = new JsonSlurper()
def jsonResponse = jsonSlurper.parseText(responseContent)

// Validate that the "tags" field exists and is an array
assert jsonResponse.containsKey('tags') : 'Response does not contain "tags"'
assert jsonResponse.tags instanceof List : '"tags" is not an array'

// Iterate through each object in the "tags" array
jsonResponse.tags.each { tag ->
    // Validate that each object contains the required fields
    assert tag.containsKey('name') : 'Tag object is missing "name"'
    assert tag.containsKey('tag_fg') : 'Tag object is missing "tag_fg"'
    assert tag.containsKey('tag_bg') : 'Tag object is missing "tag_bg"'

    // Validate that each field is a string
    assert tag.name instanceof String : '"name" is not a string'
    assert tag.tag_fg instanceof String : '"tag_fg" is not a string'
    assert tag.tag_bg instanceof String : '"tag_bg" is not a string'
}

// If all assertions pass, the response schema is valid
log.info "Response schema validation passed"</scriptText></con:configuration></con:assertion><con:credentials><con:authType>No Authorization</con:authType></con:credentials><con:jmsConfig JMSDeliveryMode="PERSISTENT"/><con:jmsPropertyConfig/><con:parameters/></con:restRequest></con:config></con:testStep><con:testStep type="restrequest" name="PUT tag" id="302aca46-b255-4276-b199-23959be6976e"><con:settings/><con:config service="https://api.clickup.com" resourcePath="/api/v2/space/${#Project#space_id}/tag/${#Project#random_tag_name}" methodName="Upd tag" xsi:type="con:RestRequestStep" xmlns:xsi="http://www.w3.org/2001/XMLSchema-instance"><con:restRequest name="PUT tag" id="d98dc392-c17c-4d48-8f5e-a060e5c40278" mediaType="application/json" postQueryString="false"><con:settings><con:setting id="com.eviware.soapui.impl.wsdl.WsdlRequest@request-headers">&lt;entry key="Authorization" value="pk_2144427794_Q5FRM2SEKK7E6AJGM7KXCQWXZVTZQLQ1" xmlns="http://eviware.com/soapui/config"/></con:setting></con:settings><con:endpoint>https://api.clickup.com</con:endpoint><con:request>{
  "tag": {
    "name": "UPD",
    "tag_fg": "#0FF",
    "tag_bg": "#0FF"
  }
}</con:request><con:originalUri>https://api.clickup.com/api/v2/space/90121499923/tag/TagSbVAd</con:originalUri><con:assertion type="Valid HTTP Status Codes" id="e6f606c7-2c21-41a8-b318-c23942a87df8" name="Valid HTTP Status Codes"><con:configuration><codes>200</codes></con:configuration></con:assertion><con:assertion type="GroovyScriptAssertion" id="520a7da0-a189-414d-baef-1f54e41369cb" name="Validate the tag is updated"><con:configuration><scriptText><![CDATA[import groovy.json.JsonSlurper
import com.eviware.soapui.support.XmlHolder

def spaceId = context.expand('${#Project#space_id}')

// Define the base URL and authorization token
def clickUpApiBaseUrl = 'https://api.clickup.com/api/v2'
def authorizationToken = 'pk_2144427794_Q5FRM2SEKK7E6AJGM7KXCQWXZVTZQLQ1'

// The expected values after the update
def expectedTagName = context.expand('${#Project#updated_name}') // Expected tag name after update
def expectedTagFg = "#0FF"       // Expected tag foreground color after update
def expectedTagBg = "#0FF"       // Expected tag background color after update

// Helper function to make HTTP GET request
def makeGetRequest(String url, String token) {
    def http = new URL(url).openConnection()
    http.setRequestMethod('GET')
    http.setRequestProperty('Authorization', token)
    http.setRequestProperty('Content-Type', 'application/json')

    // Capture and return the response
    def responseCode = http.getResponseCode()
    if (responseCode == 200) {
        def response = http.getInputStream().getText()
        return response
    } else {
        log.error("Failed to retrieve tag. Response code: " + responseCode)
        def errorStream = http.getErrorStream()?.getText() ?: "No error details"
        log.error("Error details: " + errorStream)
        return null
    }
}

// Step 1: Perform GET request to retrieve the updated tag details
def getTagUrl = "${clickUpApiBaseUrl}/space/${spaceId}/tag"

def responseBody = makeGetRequest(getTagUrl, authorizationToken)

if (responseBody) {
    def jsonSlurper = new JsonSlurper()
    def jsonResponse = jsonSlurper.parseText(responseBody)

    // Step 2: Extract the first tag information from the response
    def tags = jsonResponse.tags
    if (tags && tags.size() > 0) {
        def tag = tags[0]  // Assuming we're verifying the first tag in the list
        
        // Extract the current values
        def currentTagName = tag.name
        def currentTagFg = tag.tag_fg
        def currentTagBg = tag.tag_bg

        // Step 3: Verify the tag values
        def nameMatch = currentTagName == expectedTagName
        def fgMatch = currentTagFg == expectedTagFg
        def bgMatch = currentTagBg == expectedTagBg

        // Log the results
        if (nameMatch && fgMatch && bgMatch) {
            log.info("Tag verification successful! The tag has been updated correctly.")
        } else {
            log.error("Tag verification failed. Expected values do not match:")
            if (!nameMatch) log.error("Expected name: ${expectedTagName}, but got: ${currentTagName}")
            if (!fgMatch) log.error("Expected tag_fg: ${expectedTagFg}, but got: ${currentTagFg}")
            if (!bgMatch) log.error("Expected tag_bg: ${expectedTagBg}, but got: ${currentTagBg}")
        }
    } else {
        log.error("No tags found in the response.")
    }
} else {
    log.error("Failed to get a valid response from the API.")
}
]]></scriptText></con:configuration></con:assertion><con:credentials><con:authType>No Authorization</con:authType></con:credentials><con:jmsConfig JMSDeliveryMode="PERSISTENT"/><con:jmsPropertyConfig/><con:parameters/><con:parameterOrder/></con:restRequest></con:config></con:testStep><con:testStep type="restrequest" name="POST tag to task" id="2e5ccb20-c8c1-43b3-a912-b6989697ad10"><con:settings/><con:config service="https://api.clickup.com" resourcePath="/api/v2/task/${#Project#task_id}/tag/${#Project#random_tag_name}" methodName="Add tag to a task" xsi:type="con:RestRequestStep" xmlns:xsi="http://www.w3.org/2001/XMLSchema-instance"><con:restRequest name="POST tag to task" id="714855d3-3279-4490-b718-767e1986fed5" mediaType="application/json" postQueryString="false"><con:settings><con:setting id="com.eviware.soapui.impl.wsdl.WsdlRequest@request-headers">&lt;entry key="Authorization" value="pk_2144427794_Q5FRM2SEKK7E6AJGM7KXCQWXZVTZQLQ1" xmlns="http://eviware.com/soapui/config"/></con:setting></con:settings><con:endpoint>https://api.clickup.com</con:endpoint><con:request/><con:originalUri>https://api.clickup.com/api/v2/task/86962xax9/tag/TagSbVAd</con:originalUri><con:assertion type="Invalid HTTP Status Codes" id="758e1d74-2e51-45d8-b7dc-3ed4cf72f4e2" name="Invalid HTTP Status Codes"><con:configuration><codes>400</codes></con:configuration></con:assertion><con:credentials><con:authType>No Authorization</con:authType></con:credentials><con:jmsConfig JMSDeliveryMode="PERSISTENT"/><con:jmsPropertyConfig/><con:parameters/><con:parameterOrder><con:entry>random_tag_name</con:entry></con:parameterOrder></con:restRequest></con:config></con:testStep><con:testStep type="restrequest" name="DELETE tag" id="e3eb1851-7c77-4aa6-bad7-e2050bbde2ba"><con:settings/><con:config service="https://api.clickup.com" resourcePath="/api/v2/space/${#Project#space_id}/tag/${#Project#random_tag_name}" methodName="Delete tag" xsi:type="con:RestRequestStep" xmlns:xsi="http://www.w3.org/2001/XMLSchema-instance"><con:restRequest name="DELETE tag" id="70082499-295e-41b6-82f8-6973cfcb8539" mediaType="application/json" postQueryString="false"><con:settings><con:setting id="com.eviware.soapui.impl.wsdl.WsdlRequest@request-headers">&lt;entry key="Authorization" value="pk_2144427794_Q5FRM2SEKK7E6AJGM7KXCQWXZVTZQLQ1" xmlns="http://eviware.com/soapui/config"/></con:setting></con:settings><con:endpoint>https://api.clickup.com</con:endpoint><con:request/><con:originalUri>https://api.clickup.com/api/v2/space/90121499923/tag/TagSbVAd</con:originalUri><con:assertion type="Valid HTTP Status Codes" id="ea9b7daa-c641-4f43-be47-653cc9175067" name="Valid HTTP Status Codes"><con:configuration><codes>200</codes></con:configuration></con:assertion><con:credentials><con:authType>No Authorization</con:authType></con:credentials><con:jmsConfig JMSDeliveryMode="PERSISTENT"/><con:jmsPropertyConfig/><con:parameters/><con:parameterOrder/></con:restRequest></con:config></con:testStep><con:testStep type="restrequest" name="DELETE tag for task" id="40b043f4-bdeb-440d-96e8-e6b3869a6d6c"><con:settings/><con:config service="https://api.clickup.com" resourcePath="/api/v2/task/${#Project#task_id}/tag/${#Project#random_tag_name}" methodName="Delete tag from task" xsi:type="con:RestRequestStep" xmlns:xsi="http://www.w3.org/2001/XMLSchema-instance"><con:restRequest name="DELETE tag for task" id="8325d98e-9e01-47e4-b070-ceed8bf88381" mediaType="application/json" postQueryString="false"><con:settings><con:setting id="com.eviware.soapui.impl.wsdl.WsdlRequest@request-headers">&lt;entry key="Authorization" value="pk_2144427794_Q5FRM2SEKK7E6AJGM7KXCQWXZVTZQLQ1" xmlns="http://eviware.com/soapui/config"/></con:setting></con:settings><con:endpoint>https://api.clickup.com</con:endpoint><con:request/><con:originalUri>https://api.clickup.com/api/v2/task/86962xax9/tag/TagSbVAd</con:originalUri><con:assertion type="Valid HTTP Status Codes" id="089448fe-063f-4c0e-bfa2-c6fc6e8674e1" name="Valid HTTP Status Codes"><con:configuration><codes>200</codes></con:configuration></con:assertion><con:credentials><con:authType>No Authorization</con:authType></con:credentials><con:jmsConfig JMSDeliveryMode="PERSISTENT"/><con:jmsPropertyConfig/><con:parameters/></con:restRequest></con:config></con:testStep><con:properties><con:property><con:name>RandomName</con:name><con:value>TagbyGkP</con:value></con:property><con:property><con:name>random_tag_name</con:name><con:value>TagquRtE</con:value></con:property></con:properties></con:testCase><con:properties><con:property><con:name>random_tag_name</con:name><con:value>TagtosxM</con:value></con:property></con:properties></con:testSuite><con:properties><con:property><con:name>random_tag_name</con:name><con:value>TagSbVAd</con:value></con:property><con:property><con:name>space_id</con:name><con:value>90121499923</con:value></con:property><con:property><con:name>folder_id</con:name><con:value>90122757975</con:value></con:property><con:property><con:name>list_id</con:name><con:value>901204684891</con:value></con:property><con:property><con:name>task_id</con:name><con:value>86962xax9</con:value></con:property><con:property><con:name>base_url</con:name><con:value>https://api.clickup.com/api/v2</con:value></con:property><con:property><con:name>updated_name</con:name><con:value>UPD</con:value></con:property></con:properties><con:wssContainer/><con:oAuth2ProfileContainer/><con:oAuth1ProfileContainer/><con:sensitiveInformation/></con:soapui-project>